$\ell$,"$\mathcal{D}_2(x^{(\ell)}, x^{(0)})$","$\mathcal{W}_{2, 0.2}(x^{(\ell)}, x^{(0)})$","$\mathcal{W}_{2, 0.5}(x^{(\ell)}, x^{(0)})$","$\mathcal{W}_{2, 0.8}(x^{(\ell)}, x^{(0)})$"
0,0.0,0.0,0.0,0.0
1,0.031840751972990335,0.02628376780941932,0.030898033170419777,0.031666808359442696
2,0.05205925628589733,0.03869774539071242,0.04846793048598254,0.05202028293211591
3,0.06973505504814473,0.04895957379067619,0.06326239686335534,0.06968351371736613
4,0.0862741476658191,0.05826112723582836,0.07703340602874234,0.08582200870613704
5,0.10500234738848671,0.06761622998649526,0.09106826355709392,0.10386314948562538
6,0.12334907845615514,0.07705870846598482,0.10602762978064999,0.12196743062578823
7,0.14092417680381747,0.08658085625389782,0.12046384162271141,0.14027948180229594
8,0.15742661722282728,0.09548162417450055,0.1345359769320005,0.15737921247696354
9,0.16925979017254653,0.10203868730923797,0.14522158585780331,0.1688967003382878
10,0.1838269752532079,0.11022814641393175,0.15804911290705353,0.18280997179423744
11,0.1952382382164845,0.1170867789088157,0.16866962526337484,0.19340568120263468
12,0.20668465029722174,0.1241792152621214,0.17955253212122424,0.2036325743088228
13,0.21714598774207577,0.1308976851651836,0.18966782334812277,0.21244569593079893
14,0.22830829323744858,0.13829319719779143,0.20067025069106662,0.22184033639960193
15,0.23949944034815324,0.14553900091044006,0.21154317892237226,0.23121500401077485
16,0.2508035877600209,0.15281870994658828,0.22269140834253992,0.24059435863775316
17,0.2612245005868223,0.1598276390010817,0.2333895314885618,0.2489729741900395
18,0.2722296584858566,0.16723887901849313,0.24473987918758427,0.2578001575007351
19,0.2833800593597562,0.17482813508042347,0.2563949389016616,0.2662263217414218
20,0.2950154378337958,0.18259792843195002,0.26870031095263125,0.2754875153785391
21,0.30700856866265475,0.19037484964492046,0.28123031535999643,0.2848474696603089
22,0.3192808844134904,0.1987626102150804,0.2943454045247346,0.29458015791433284
23,0.32878838927588155,0.2057886814548025,0.30497900271099626,0.3012621454267768
24,0.338752043237401,0.21309130575150081,0.31595850515418017,0.30862547655010825
25,0.35017568483307643,0.22114035335649282,0.3282328596857309,0.31732433554798345
26,0.3607568908412836,0.22893557550720475,0.34008089936512376,0.3249579898807134
27,0.37084647816463573,0.2366667095417264,0.3515924993540042,0.33180513965051145
28,0.3795974424575732,0.24357621732221776,0.3619802857093481,0.3373757506512357
29,0.3893594278969487,0.25081621886610606,0.37286163653452314,0.34370046447487096
30,0.3987122043664049,0.2580728947771043,0.38316843885199947,0.3498143861260823
31,0.40709667633117463,0.2648047545776683,0.3925294154070924,0.35519534905034783
32,0.41570092984414203,0.27151973304512744,0.4018921201543431,0.3607496525877543
33,0.4239862887291333,0.278232092916182,0.41102868265459713,0.36587330976504806
34,0.4309876492682967,0.2844480289656722,0.4190677251913248,0.36988687623190236
35,0.438196786150507,0.29076941581970045,0.42717241852045035,0.3738718905840069
36,0.4460196450782401,0.29730908712686166,0.4357244798589772,0.3783941729501774
37,0.4534800284350555,0.3039325867851439,0.44389080822359145,0.38260895836694947
38,0.46110208812035014,0.31078537323969035,0.45221386141223213,0.386770024112093
39,0.4704685021952534,0.3179103739876321,0.4619296416972429,0.39252996351767944
40,0.47918903672310603,0.3246191277029547,0.47089221910043955,0.39777516375265876
41,0.4879518051770797,0.3313220332450572,0.48006014745282677,0.40308157248496485
42,0.4962906331656023,0.3379587030768989,0.48886247886986944,0.4080449697845319
43,0.5048688451710517,0.3447760502471768,0.4980020707130562,0.41321100738972133
44,0.5127389597856912,0.3513403658442527,0.5066839096616589,0.4176995771763853
45,0.5202037055784311,0.3574482467077303,0.5148815643279666,0.42226874856034075
46,0.5269712976889322,0.36293802923973423,0.5222826486373157,0.42637094792164515
47,0.5356673444196851,0.369891802129026,0.5316581666301174,0.43144367479986173
48,0.5445862084542383,0.37723626205109373,0.5413999629290583,0.4365749778093908
49,0.5525157308409742,0.38404058917984907,0.5499889587561667,0.4409187753005679
50,0.5604056142227343,0.39078399488517024,0.5584054363667703,0.44528976124878467
51,0.5672496387516738,0.39702182595786945,0.5656783622734303,0.4488519021152511
52,0.5731175212213458,0.40247202674263893,0.5718196197053514,0.45161669010536093
53,0.578825459150824,0.40779409974396813,0.5777503225032821,0.4542308507838033
54,0.5857163476723712,0.4141141908489013,0.5849108285712676,0.4577194967961065
55,0.5929095486195474,0.4205680801594624,0.5922319891553248,0.4614018999128076
56,0.5998354941781264,0.4271587190720377,0.5993255572028948,0.46486256671468507
57,0.6061536993921307,0.43346212182055477,0.6057778869139437,0.46790938875479604
58,0.6111809635834246,0.43878218829258014,0.6109503229715721,0.47001062973578833
59,0.6170422909774789,0.44428099276311567,0.616943942027862,0.473008870114909
60,0.6239086617464373,0.45063006826417623,0.6238377941660387,0.4766238108883318
61,0.6299260834563968,0.45637957080722535,0.6299257585986302,0.4796580727047134
62,0.6357513999343282,0.46213537823264095,0.6356351632447041,0.48233364993090555
63,0.6421125314392749,0.46863374950986386,0.6418949941580433,0.48553633556405407
64,0.6469070292842563,0.47405247320074,0.646553859176233,0.48748835698730114
65,0.6518881233016195,0.4793684243248633,0.6513466365470114,0.4896098410224148
66,0.6557623842572678,0.4838775402481881,0.6550682870584341,0.49095850577391337
67,0.6590634260669406,0.4882351693685092,0.6581719114225243,0.49195696572198316
68,0.6613429625445323,0.4920379986611827,0.6602293855138276,0.4924321221854704
69,0.6649632788851901,0.49659846904139626,0.6636330902047773,0.4935555583977809
70,0.6681342993014885,0.500940074564747,0.6665224930713558,0.49438430321309573
71,0.6716698282434506,0.5054587324458681,0.6697338886787931,0.495528172698332
72,0.6761068659162166,0.5105072815923045,0.673935011331267,0.49732680477051255
73,0.6800865826200507,0.51533748645969,0.6776392240617186,0.4988279279343983
74,0.6829228820463502,0.5195348338901472,0.6802002949282427,0.49959586448762316
75,0.6868834259099593,0.524738608005445,0.6837691331480512,0.5009922599340986
76,0.6892692695012261,0.528862710398599,0.6858033260949218,0.501111974122069
77,0.6917504002204182,0.5330241062702595,0.6878047062173753,0.5014070850280957
78,0.6952119351409077,0.5377598521994142,0.6908047511672426,0.5023945020423961
79,0.6963822022531966,0.5408336608157479,0.69150762348557,0.5022165883337478
80,0.6992287674935254,0.5451504473313596,0.6938841346028572,0.5028921399377565
81,0.7011285958918648,0.548892276485801,0.6952863770513446,0.5029613575372712
82,0.7027487890648667,0.552327560254976,0.6963196981554122,0.5029608904087246
83,0.7046173206467927,0.5558293181494578,0.6976537548411563,0.5031177345899326
84,0.7072401434996588,0.5601094152938482,0.6997780324752377,0.5034866761251975
85,0.7095980465023298,0.5641418513684006,0.701639640706937,0.503691278581247
86,0.7133057935320679,0.5693745834683245,0.7048034933651159,0.5047920498786952
87,0.7163940457321395,0.5741143377753004,0.7073163756448024,0.5054782703096414
88,0.7198696768002903,0.5790814858109664,0.7099237163237899,0.506204171858396
89,0.7227186198128878,0.5835884082197776,0.712168069158475,0.5068701423228014
90,0.7258054802773645,0.5882541757584379,0.7144991195550846,0.5076471837374315
91,0.7279605651329127,0.5922097323340865,0.7159197524037941,0.5078366732864463
92,0.7299384731085665,0.5960357335558524,0.7171541640449074,0.5077243679908621
93,0.7317916370861745,0.5997814091695883,0.7182934745320052,0.5077349954858579
94,0.7341625450063107,0.6039647388344497,0.7199588358506347,0.5079422522596185
95,0.7358925426906467,0.6076817397173297,0.72104453449805,0.5077238421535297
96,0.7372967451325336,0.6111368348267526,0.7218417699645634,0.507318739687726
97,0.7377863999561115,0.6138547499146321,0.721509076229299,0.5062061557278059
98,0.7386240824908784,0.6167909503021802,0.721536497520311,0.5055083641784559
99,0.7389663230474666,0.6193318530613656,0.7210400050186256,0.504546316868176
100,0.7392970885308976,0.6218904782615842,0.7204820990943691,0.5034834045739354
101,0.7394530739611239,0.6243353659331842,0.7197208691620233,0.5021571271449577
102,0.739982222763379,0.6270394142215784,0.7192787431196723,0.5009597488588332
103,0.7402936787187667,0.62958494329257,0.7185824843915516,0.49982802030319917
104,0.7412356884018516,0.6326315209142952,0.7185118512838221,0.49900992492246704
105,0.7420925976631593,0.6355875080881055,0.7183475255726955,0.4980864136379566
106,0.7417753759790916,0.6377340988289237,0.7172026133609217,0.49680716415017495
107,0.7425537589654377,0.6405633244103712,0.7168641693428881,0.49597190801477725
108,0.7430843508193494,0.6429923601237183,0.7163345157048732,0.495218338293018
109,0.7442960309149153,0.6460494851128642,0.7164571238746376,0.4948226266665445
110,0.7445640843373288,0.6484298821231822,0.7156700270368127,0.49377332028356147
111,0.7457579472259959,0.6515926979257185,0.7159131783185333,0.4931713708868657
112,0.7469908425394785,0.6547494583283964,0.7162525476859417,0.49259233465258706
113,0.7478298243685473,0.6575632570471371,0.7161416833830693,0.4917022548991592
114,0.7480820943787719,0.6598546641351637,0.7152781614376192,0.49054064877644626
115,0.7479801959679453,0.6618548996744014,0.7141323617803006,0.4891984554076908
116,0.7482989466293842,0.6641431320126969,0.7134174545104964,0.4880370181148729
117,0.7483166149082263,0.6661397961853696,0.7123181112416811,0.48675469686900624
118,0.7484962840590037,0.668213465161528,0.7113314531248492,0.4856175807264636
119,0.7481541488526845,0.669882217087027,0.7099854486324138,0.4843060853693006
120,0.7481092782152434,0.6716911750925892,0.7088566599115562,0.4832703296252367
121,0.7478386788576982,0.6732207918837889,0.7076678459678531,0.4823604021349599
122,0.7482794018828381,0.6752833758102652,0.7070270562793454,0.48175591993046274
123,0.7492453611896828,0.6778788822164086,0.7068641404613502,0.4809988511758219
124,0.7487764638912661,0.6793467745170328,0.7054771793110528,0.4796648290596556
125,0.7484602595984259,0.6809125003046477,0.7041593305218222,0.47827065368627575
126,0.7481199842415449,0.6824889510247656,0.7028618847942466,0.47688155772325297
127,0.7476891840690745,0.6839030594432091,0.7015564151999645,0.47556327756024375
128,0.7470868621308648,0.6851109347084059,0.7000951663163405,0.4741403912005461
129,0.7465880993502408,0.686372944789289,0.6986699702143361,0.47273130417960574
130,0.7461237141962043,0.6877102509641855,0.6972993413214139,0.47132782192902734
131,0.7466037433704422,0.6896568612546907,0.696387456689182,0.47015315164844557
132,0.7474040303932821,0.6917151519976257,0.695695469127093,0.469185588692161
133,0.7476101030312838,0.6929492925615118,0.6947085562860826,0.46825387894370685
134,0.7477052080327369,0.6942735121257674,0.6935599689884757,0.4672139625736538
135,0.7475827594806685,0.6956469824570685,0.6923304027716951,0.4660088915679282
136,0.7474907011415385,0.696995371295905,0.6910980107345616,0.46481083998134
137,0.7474738603338555,0.6984734407709278,0.689964617921606,0.46362881905137077
138,0.7479546502416491,0.7001818867640167,0.6890056543359708,0.4625608233551476
139,0.7476118532648187,0.701064381166773,0.6877359020670988,0.4614682593222352
140,0.7472058521045349,0.7018222951425727,0.6864388490572142,0.4602500362536534
141,0.7468506984025239,0.7025506291409308,0.6852701810378168,0.45929233959478155
142,0.7464733091796169,0.7031401854280541,0.6842210585196722,0.4584276536333503
143,0.7461547447343851,0.7036295872080662,0.6832873527116096,0.4579355202688734
144,0.7458733381886757,0.704272192351465,0.682161185676645,0.4570002764572947
145,0.7456707223826363,0.7049354910171652,0.6811762652907989,0.4561897004216823
146,0.7453826576418774,0.7054989207524364,0.6801210945149821,0.4554236957468393
147,0.7450864694783894,0.7061765199902302,0.6791254195352335,0.45476685251659554
148,0.7448523471259028,0.7068304744895659,0.6783288197272536,0.454503611636107
149,0.7448041605422906,0.7075904394871289,0.6777029818476806,0.45459684030635755
150,0.7449533016209454,0.7087922807933694,0.6769462895298538,0.454143979313258
151,0.7449336903834489,0.7096881289190097,0.6763279942102867,0.4541617247596631
152,0.7451371043246237,0.7109053579518377,0.6756157902475133,0.45372200392171286
153,0.7452783726344145,0.7120485357372817,0.6748860468181624,0.45332106142471457
154,0.7451696219833721,0.7125369641853846,0.674367525250648,0.4537352819484762
155,0.7451312128173032,0.7130172594393088,0.6739989543585457,0.4544108793655115
156,0.7451927856520015,0.7134772136152223,0.6740441349062738,0.4555587328260001
157,0.7457520852274906,0.714569606747761,0.6742319973136491,0.4561843582859881
158,0.7459719386663735,0.7151679831537923,0.6745883985537839,0.4572112291683814
159,0.7461348518128413,0.7157552574619213,0.6747736023228664,0.45821056579194536
160,0.7463352026727812,0.7161826784780062,0.6752611954085033,0.459473927305583
161,0.7465546566054467,0.716659780645943,0.6756957093884018,0.4608302483249566
162,0.7474664381072793,0.7179036334530636,0.6760734523021582,0.4615645716105179
163,0.7474520322862314,0.7184177200057331,0.675641076299081,0.4613683006865359
164,0.7479419587666979,0.7192867358601199,0.6750990261549835,0.4605604737391618
165,0.7484077497456718,0.7201116228452413,0.6745687895342066,0.4597985269860392
166,0.7489265893011112,0.7211643434829266,0.6743676866177843,0.45962562346142727
167,0.7505211516765031,0.7230278970079332,0.6751520082056105,0.4605479488586477
168,0.7521965705609105,0.7248957129086065,0.6761639142120376,0.46153947442463455
169,0.7533724880688325,0.7263592476598446,0.6763329036435299,0.46152359750506283
170,0.7542326252910799,0.7275561974188834,0.6765442916740365,0.4618942248504099
171,0.7545731024131004,0.7281351440361161,0.6770711651216298,0.4628228268430187
172,0.7547784266179729,0.7285539242609443,0.6775981297110393,0.46398679955089633
173,0.7548950985306343,0.7289443009154396,0.6779443375307576,0.4645664629277561
174,0.7547842070089581,0.7290120027145398,0.6779473393819081,0.4645934356427404
175,0.7547370516346339,0.7292593418749646,0.677737978925645,0.46447273379775483
176,0.755025106583032,0.7297763385203594,0.6774335472548767,0.46400886251779977
177,0.755313975044924,0.7302417427573027,0.6771663250570441,0.46358246141676335
178,0.755531396536097,0.7308557018986015,0.6771523629856505,0.46371758725655815
179,0.7557730962612161,0.7314555570275051,0.6771764339387821,0.46391971033439466
180,0.75570748214763,0.7315117814006445,0.677014534765206,0.4639251934981312
181,0.7555158257566758,0.7314119776397751,0.6766861393607067,0.4636875724992752
182,0.7552427524167487,0.7311471706273346,0.6765688322064222,0.46364960484813267
183,0.7545721813371836,0.7305440066899668,0.6760883247607863,0.4631711260271589
184,0.7538513827229644,0.7300428958036435,0.6754032716412125,0.46230888594009545
185,0.7535983539084656,0.7297809964182509,0.6750363581646527,0.46189833133112795
186,0.753662964870089,0.7298919194747822,0.6751702029273702,0.46232478502059443
187,0.7532331693671391,0.7296124396314057,0.6746728352366937,0.46168130114484024
188,0.7532869457716297,0.729783994597759,0.6746054932749304,0.4616633354651653
189,0.7535825298682075,0.7302467464856021,0.6747533289432386,0.4618226332723858
190,0.7541500446458919,0.7309142046227797,0.6751754805388566,0.46225913197736795
191,0.7545226889622573,0.7314148748345806,0.6755545536734228,0.46278680534819483
192,0.7545948809636119,0.7315090364996544,0.6760816842283504,0.4636519976722157
193,0.7551110854802587,0.7320884190430896,0.6764523836782579,0.4641019572017523
194,0.7546203172647823,0.7315209749052958,0.6761354124992875,0.46369849509481526
195,0.7543027107758468,0.7311811466878828,0.6759018367388023,0.4633243223554671
196,0.7540322821593728,0.7307771296105433,0.6757853887099661,0.46318389429295664
197,0.7538633542113545,0.7305245694531767,0.6755979213871954,0.4628711489880378
198,0.7531424725144061,0.7297503523286885,0.6751371928914719,0.4623238931631595
199,0.751570285123451,0.7282358675373262,0.6740919438898394,0.4615464686074605
200,0.7506514126401055,0.7272934124232184,0.6734946601691902,0.46082738105689003
201,0.75064150467195,0.7271214655945334,0.6732931033997681,0.4602478425447663
202,0.750609555930982,0.7268318369349404,0.6730760053237755,0.45978341443780163
203,0.7501207062395123,0.7262383837469312,0.672767067291912,0.4592764870896506
204,0.749249518977471,0.7250652404361934,0.6723734168120684,0.45886546285862784
205,0.7484258581429348,0.7241466224830192,0.6719828801196749,0.45823410692398847
206,0.7478860754884631,0.7234605570758113,0.6716866700058497,0.457580652113046
207,0.7473860373088568,0.7227448102054002,0.6715157835609901,0.45725355141867574
208,0.7467163353909025,0.7218708433687747,0.6712584063168724,0.45686709333272
209,0.7455925777638138,0.7204588679324753,0.6709144478933958,0.45647104032726193
210,0.7445400208234371,0.7191276339030728,0.6705993300823498,0.45597627797724327
211,0.7438938545551437,0.7181675101377718,0.6704923699217551,0.45568686584759205
212,0.7433988482857357,0.7174941945578059,0.670411915466073,0.455399637671495
213,0.7429926337996765,0.7167648759216285,0.6704202530540007,0.45528315420184884
214,0.7419348733321255,0.7152989138372372,0.67008976385271,0.45488238067984815
215,0.7411770053427756,0.7140149034133291,0.6700860280720184,0.4548141611556102
216,0.740238711858256,0.7125784941620349,0.669966572246426,0.4546522299510638
217,0.7390624020154494,0.7111600781569203,0.66951399697448,0.45404301787437956
218,0.7387624131994831,0.7104838833143577,0.6694543259090127,0.4536806871437491
219,0.7379749949197828,0.709378107391979,0.6692395504924035,0.4531743259402569
220,0.7372039497406064,0.708235952561015,0.6690031178393785,0.45271614768157525
221,0.7361211825809163,0.7068957243921536,0.6683894158367931,0.45195569868783675
222,0.7345881999400689,0.705029677474631,0.6676005089803044,0.45120857489121374
223,0.733726319265236,0.7035323928452688,0.6674653830715436,0.45090701939188393
224,0.7330862419291555,0.702280342262231,0.667493980060153,0.45076944957685694
225,0.732481470290899,0.7008740044934294,0.6675546330362625,0.45079678428868014
226,0.7314237004584807,0.6991499471833305,0.6673412477701532,0.4504712029344458
227,0.7306736471582794,0.6978155334527458,0.6672089151423051,0.4501579008144254
228,0.7298163873013425,0.6965648361734773,0.6669845910448343,0.4498538440450234
229,0.729062523140698,0.6953646276061405,0.6669203929977812,0.44966003379262437
230,0.7284484493575085,0.6940484832653442,0.6668956969158674,0.4496289026886694
231,0.7280426830592144,0.6929241318895695,0.6670122664612391,0.449747599859719
232,0.7277024654544999,0.6919415752824428,0.6671786762653124,0.4499238360152639
233,0.727203652537533,0.6907122148681247,0.667290556330573,0.4500119046866065
234,0.7267857248566623,0.6893594975271263,0.6675355951549805,0.45022392816554696
235,0.7264223585027434,0.687810313930794,0.6678816007218723,0.450645593873504
236,0.7260896921753244,0.6862555371823899,0.6682457711269718,0.4511722728016909
237,0.7257624514373395,0.6850029014645286,0.6686027693196243,0.4515540154395233
238,0.7255129962904799,0.683537207604811,0.6691333352912197,0.4522540439372117
239,0.7252921857203009,0.6820541455173551,0.6696883454233354,0.4529949638723151
240,0.7238988590581112,0.6797731581623644,0.6693480174237242,0.4528598290590454
241,0.7228046897746355,0.6776163096268766,0.6693213114652378,0.45301762388336364
242,0.7211189894287754,0.6751663889186919,0.6686240271082456,0.45264911088642357
243,0.7191457942383117,0.6725077607909221,0.6676710712125294,0.45219934691032654
244,0.7177316862185221,0.6701088489826498,0.6673659448636632,0.45220535380948895
245,0.7163515320878097,0.6677271677766276,0.6671326892274124,0.4524521760226456
246,0.7149542188637166,0.6653087102943236,0.6669545925901265,0.4528056594369407
247,0.7131610558500974,0.6626024616452663,0.6663309316701808,0.4528384886659657
248,0.710974879887007,0.6595651057413499,0.6652246561992162,0.4527015603536283
249,0.7092597631295845,0.6569008696247444,0.6647212565224603,0.45275656770401546
250,0.7082650764931212,0.6546646800462046,0.6649546936148514,0.4532316067884998
251,0.7072423666345112,0.6525248910503335,0.6650656394343518,0.4535236467536503
252,0.7062987020442665,0.6502592888844352,0.6653963886193903,0.45411296453579897
253,0.7046142156761761,0.6475208804835517,0.6650432420476111,0.4543640687765786
254,0.7023676547039756,0.6443198292229864,0.6640360763215284,0.45438115681983937
255,0.7007677831763112,0.6415637207926012,0.6637721980337594,0.45480067227447235
256,0.6994982557296922,0.6389712179833275,0.6637795863148787,0.45532358930745914
257,0.6980794100077894,0.6363307337000899,0.6636589813340228,0.45577419556363
258,0.697012183087004,0.6338223688977018,0.6638858326253635,0.45644755561439415
259,0.6960148304243335,0.631338848535714,0.6640612750500199,0.45695307984092354
260,0.6950001129468373,0.6288181166076253,0.66423186452796,0.4574220008201264
261,0.6939276477430956,0.6263026676304132,0.6643370461606704,0.45805654319550093
262,0.6930958238428284,0.6238512945015555,0.6646482661020015,0.45876763682241634
263,0.6922279168011529,0.6213197753704136,0.6648500040620456,0.45941227876912843
264,0.6909764032668149,0.6189296347276643,0.6645894726974627,0.45966980372997757
265,0.690022824218557,0.6162597207904132,0.6646706226729416,0.4602535591713578
266,0.6894075500935732,0.6137390699711327,0.6650333160278697,0.46107408937331945
267,0.688451798373505,0.6109628484804995,0.6651132545641206,0.4618038358229423
268,0.6873768950692608,0.60808537552497,0.6650942002080983,0.46237445739725336
269,0.6862612344696052,0.6052514971805109,0.6650239261679493,0.4629106160678334
270,0.685458129678541,0.6025237466822514,0.6651961399526436,0.46362932823137254
271,0.6846807824225584,0.5998008835671387,0.6654404415951126,0.46442424891623985
272,0.6837948331613313,0.5970010273541021,0.6655503215293805,0.4650535251289781
273,0.6829762021567691,0.594166890229196,0.6655514925228816,0.46558609846066584
274,0.6822286968005817,0.5913701699269421,0.6656523246478019,0.46629181283605914
275,0.6816422214568372,0.5886416490220807,0.6658525929692153,0.4671711422195277
276,0.6810409440533306,0.5859012251151743,0.6660212064570703,0.4679851837634481
277,0.6801431783604752,0.5831614876458777,0.6657984969794282,0.4683680225658902
278,0.6796456699140629,0.5803857282732335,0.6659406578313675,0.46921504714856516
279,0.6793089048267222,0.5776709996755456,0.6662482719468352,0.47020478550109784
280,0.6790678732428889,0.5750684617421864,0.6666419999953815,0.47128179687816496
281,0.6779406211884157,0.5718830515331645,0.6661721380621648,0.47202971069209765
282,0.6766298846455369,0.5686965434931368,0.6654551684312524,0.4725453695863492
283,0.6750004994001375,0.5651507909876308,0.6643752731067758,0.4729703454747065
284,0.6720725240869893,0.56092602813024,0.6618525432734464,0.4720512645887953
285,0.6695965170903845,0.5567537165413768,0.6598422223040267,0.4715477844665006
286,0.6678243060713561,0.5530343142936193,0.6586643884403275,0.4716963146076468
287,0.6651147699220403,0.5486092549163556,0.6563858890864946,0.4711185036047467
288,0.6620958887400475,0.5440282531572213,0.653844016940223,0.47024182110306134
289,0.6587359943647486,0.5390999250342132,0.6508461393278061,0.469335760409995
290,0.6561005830744084,0.5347702424250618,0.648748815961058,0.46893072291929305
291,0.6530873533861916,0.5301681989916925,0.6461940559929439,0.4682909275286545
292,0.649659759430392,0.5253970859203704,0.6432296466874404,0.4672208591444237
293,0.646527169497931,0.5208343966887953,0.640585052203409,0.46635842784788123
294,0.6438164517773819,0.5164655507411278,0.638370771301157,0.46586905335689527
295,0.6418138411703423,0.5125625650256256,0.636826469872139,0.4661840915109217
296,0.6391346939827569,0.5082840660484375,0.6344572276499151,0.4657759985661882
297,0.6362322197166396,0.5039033940776864,0.6319311008857857,0.4651160636530639
298,0.6330168777995494,0.4994436781880434,0.6290772517613478,0.46422182709000154
299,0.6298187584106543,0.49494520268526965,0.6263018144886044,0.4633483095870839
300,0.6264926286325212,0.49035486954427926,0.6233654278885238,0.4624427148882988
301,0.6232349424959308,0.4858169414113214,0.6204818229905865,0.46159212764337815
302,0.6199603631296939,0.4812007521353162,0.617508863847866,0.46070608859411755
303,0.6163681669363077,0.47631299265886157,0.6141541702387878,0.45961048100904034
304,0.6128152389389614,0.4714305417909597,0.6108943736105854,0.45850847848996745
305,0.6088893708894391,0.4663312813353106,0.6072444694928552,0.4572037569719745
306,0.6046338331114609,0.4612104328259747,0.6031867303401645,0.45566118394521155
307,0.6002527296017537,0.45612073658092794,0.5990379416945689,0.45407227634259617
308,0.5961469852010558,0.4510489878155863,0.5951914843138233,0.45268743730274563
309,0.5911066798536518,0.4459381405367788,0.5903557739126212,0.4503478383604597
310,0.5865232453211378,0.44076918419987565,0.5859770019440895,0.44864906537043237
311,0.5821607515568941,0.43584258896308525,0.581826594654808,0.4471286284678429
312,0.5773769013406902,0.43106482806523855,0.5770995547291946,0.4449484992202314
313,0.573022565467025,0.42612026517241025,0.5728327702405926,0.44340364522739645
314,0.567219935493965,0.4207448448499008,0.5671321301464382,0.44019947650455443
315,0.5607393882238575,0.4145504542947624,0.5607387840866247,0.4366931837741393
316,0.5542533910008106,0.4087747369986042,0.554253235071577,0.4329412739905739
317,0.5473583353165522,0.40257955876499985,0.5472946811306987,0.42893556411505895
318,0.5404223516936453,0.39639000792208023,0.5403276439887896,0.42491690031319695
319,0.5335770623228426,0.3903564966764998,0.533310328295426,0.4208750026494338
320,0.526524376526784,0.38431597156660174,0.5261077086654536,0.41666347953106436
321,0.5193884399244203,0.3783906535149108,0.518746486768872,0.41231800264840035
322,0.5121827029884073,0.3718573734685629,0.5113463428992034,0.4081747917458549
323,0.5047768349373037,0.3654321341577977,0.5036059020607058,0.40383754331845645
324,0.4982732620549638,0.3594851371603685,0.4967443056410807,0.40026583163874957
325,0.49108944479587957,0.3531368246868577,0.4890726008923988,0.39609505658693667
326,0.48432739467791486,0.34702435225300055,0.4816427417736218,0.3921681911505417
327,0.47678689111700107,0.3402267669315964,0.4734758630134841,0.3876747312779811
328,0.4694034142931155,0.3332836772291584,0.46552519828619043,0.3833775212918163
329,0.4624437596427915,0.32637880742479464,0.45811820264665754,0.37970781869954984
330,0.45640087353350134,0.320170464647403,0.45176547418582524,0.37673041780211064
331,0.44936086753744925,0.313507362424058,0.4441514085810004,0.37273780422165825
332,0.44242976571751585,0.30698690321436917,0.43667168208162904,0.36877618666616946
333,0.4354623710548605,0.3007271173004378,0.4290605377337145,0.36466841784584886
334,0.4283028394669119,0.29430436799219756,0.4213237640234882,0.3605754006794657
335,0.42135414712948993,0.2878541427698283,0.4135256616485799,0.3565925696306146
336,0.4145452496544784,0.281832595017557,0.40577910519839316,0.3527663882955577
337,0.4093242407788159,0.27655430311375095,0.399351044271845,0.3502869888338892
338,0.4024127829166055,0.2705182026594783,0.39144150116467746,0.34627242077984977
339,0.39434313644068725,0.26372855193434946,0.3824418484958423,0.34133912270444255
340,0.3861585165550831,0.25704366224393776,0.3731864431329396,0.33625638251352974
341,0.37758493300373946,0.25008507793346835,0.3635334069790397,0.33083510474020794
342,0.36894162864948626,0.24310741851132397,0.3535933201963064,0.32535385809718415
343,0.35930029917160405,0.23571578685495634,0.34258060872014723,0.3192459470186786
344,0.3519574393776505,0.22990453700292215,0.33384946536782406,0.31473996800027
345,0.34409552543157107,0.2235215299622818,0.3246657072448349,0.3097511470608506
346,0.3358031737939157,0.21668406820319,0.3150871848984877,0.3044061737018261
347,0.32675440123146676,0.20950505659191568,0.30476189699917505,0.29823293389980676
348,0.31781019239089203,0.20269893278707748,0.294733862418356,0.2919961941852435
349,0.30862210067916385,0.19592633500646037,0.2844263222239277,0.2854016650384598
350,0.299751997151428,0.18928342174729756,0.27455907517728045,0.2792379203706337
351,0.28846994838140066,0.1816924571678514,0.26300423456473654,0.2712027535292985
352,0.27708497372457713,0.17400767296845018,0.2513396922284073,0.262745333857353
353,0.2661291893492867,0.16659512589209977,0.24012318964586865,0.254450583599426
354,0.2551269902827883,0.15939667049117037,0.22924118657125675,0.24573224592897655
355,0.24438885995179196,0.15247172768192657,0.2184675291424634,0.23680477543132336
356,0.23424156244458116,0.14610114825197315,0.2083803585699913,0.22836371657666094
357,0.2244494187889737,0.13973769030085434,0.1986063796635729,0.22011216873880082
358,0.21486624582298489,0.13383291922322627,0.18942752937518728,0.21184813843173964
359,0.20596562580671088,0.12830434798258486,0.18073361189552486,0.20416457589924614
360,0.19694089246949006,0.12303632313185235,0.1724040829404666,0.1961776306834912
361,0.18865343816490163,0.11857672754496268,0.16485154648975048,0.18857400461151513
362,0.1825374985002919,0.11498363230783545,0.1588965667052312,0.1825168023331235
363,0.17702107942251083,0.11141743422590143,0.1531925879770296,0.17615141065765139
364,0.17031494406351835,0.10719005977244522,0.14685382903217747,0.16846950873140148
365,0.16379366756406716,0.10362563656426531,0.14074142884756463,0.16137068774153338
366,0.15708288645847207,0.10023096082755073,0.13479116207998806,0.1541902643907341
367,0.1528963421296621,0.0980040258145396,0.13136111540226225,0.14973359928120283
368,0.14782176091840354,0.09547145735888883,0.12724456866528105,0.14490776120995455
369,0.14429918879861808,0.09377311945384578,0.12400940673027588,0.1413785762407225
370,0.14236657452447551,0.09271874746339061,0.12224157597888452,0.13923801088544546
371,0.14460059475526105,0.09311797328847263,0.12376126523512987,0.14105815780942293
372,0.1494756579455764,0.09478252570416307,0.1270549119069163,0.14579743617962318
373,0.15579363181567382,0.09691053515364577,0.13164097592328078,0.1520803266136821
374,0.16160174966186575,0.09895838087795507,0.1362383127754843,0.15804484366773802
375,0.16840017699938434,0.10187238894838842,0.14161611046075764,0.16539115541239416
376,0.176524173833937,0.10598608347956365,0.14833906395096944,0.17420374261902083
377,0.18500849717693701,0.11034243700901507,0.15543443819757574,0.18337804388959233
378,0.19219580121825877,0.11427027748064467,0.1615219815276107,0.19150322966929065
379,0.19992567444311793,0.11815013005978721,0.1681275517751763,0.19991932274591143
380,0.20934325553076857,0.12341550140877751,0.17661060518116523,0.20930815361194602
381,0.21869804978611004,0.12870091408951542,0.185318692321776,0.21789947370457904
382,0.22846772148437358,0.13434725439453887,0.19433146633915663,0.2264169771196571
383,0.23827402410786588,0.14017796437176835,0.203575687096969,0.2347376368409571
384,0.24681809594398235,0.1452347696026613,0.21161836678668114,0.24175678398444495
385,0.25560102731334744,0.15055110819037232,0.22024357544763995,0.24871869713243966
386,0.26511661260918684,0.15656203095721738,0.22953106965862008,0.25614010073941246
387,0.2742443510777725,0.162120501031886,0.2386830903939698,0.26331406404841656
388,0.28267849361794284,0.16762481957115086,0.24720703157849166,0.2695171325480392
389,0.29227535347100736,0.1739255670512269,0.25725227987167026,0.27672856455931116
390,0.3029035804097615,0.18113650118789426,0.26850843782204387,0.2845274049092193
391,0.311946024704179,0.18746447585383044,0.27830746016654456,0.29102539328557253
392,0.3205016624816101,0.19353795431745852,0.2875663410454946,0.29700685342836664
393,0.3294058310777211,0.19966512555415197,0.2971028894607552,0.3032951144480691
394,0.33863961555762007,0.2059352872775962,0.3071017646649778,0.3099377641800881
395,0.34766402349219344,0.2123155880220774,0.31698269364577575,0.31619506117570095
396,0.3564669351352467,0.21870008412861988,0.3269181905801083,0.32198934027133636
397,0.3652589929386691,0.22522726123486336,0.3369641961356457,0.327451170707722
398,0.3730977629292221,0.2313776412623635,0.3462396136000641,0.33221622349885443
399,0.38003718671887565,0.23698525718840796,0.3546357057032095,0.3361425509613916
400,0.3870979985778041,0.24263659238879345,0.3633259893859804,0.34035445760171495
401,0.39468107483662085,0.24877950918417063,0.3725564435699313,0.34506339951301634
402,0.4017509251592783,0.2546877487440005,0.3813396751780745,0.3492692036412727
403,0.4083671093547282,0.260301562381556,0.3897716270055944,0.3529417705590145
404,0.4167129667346937,0.26726568022479463,0.4000700296941246,0.35777740938973696
405,0.42538315727301074,0.27451677106622546,0.41063354582433703,0.3627447002632581
406,0.43449620982770926,0.2818599747174745,0.4212086606775596,0.36791564192917287
407,0.44313732606271233,0.28916546677873556,0.4314588308037054,0.37278528764991503
408,0.4519214863183843,0.2965919390562879,0.44166946318568717,0.3777327679068522
409,0.45955465988354915,0.3035149184429502,0.45066791603992473,0.3820810265438997
410,0.46786020720395355,0.3110076556433468,0.4601874351859252,0.3866799946373207
411,0.476474650685621,0.3187761135974773,0.46996972109008445,0.3916073786573316
412,0.4843228002638601,0.32615184038204265,0.4786833222074423,0.3960061215938928
413,0.49118620655754774,0.3329177462972474,0.48646115003178736,0.399806298883003
414,0.49802722545296557,0.33964304227255904,0.4940980159125498,0.40378419416274863
415,0.5045691017762965,0.34635018921712335,0.5012913601124963,0.40750183063375306
416,0.5106771277398118,0.352946353461895,0.5079887566262243,0.41108265399462424
417,0.5166463113677758,0.3592782019221033,0.5144969118362724,0.41466848233519543
418,0.5227415075758324,0.36588644648035784,0.5210113231026645,0.4183077912232978
419,0.5290365163688223,0.3725497425973785,0.5277733207183593,0.42215099620084173
420,0.5351119228749756,0.3791626320470144,0.5341942680064685,0.425893818009954
421,0.5404204041536842,0.3852170160978913,0.539755372413766,0.42906709675254984
422,0.5461143126812321,0.3911035302602161,0.5456474738875877,0.43217857109301044
423,0.5518959911768762,0.39699041501290394,0.5516029637059529,0.4353621129186989
424,0.5587305283214784,0.40386092897081627,0.5585472151589355,0.4393350750812592
425,0.5656951800468658,0.410281525947806,0.5656008145446315,0.443219263280916
426,0.5725607775642377,0.4168312198629071,0.5725520121289421,0.44708934008401546
427,0.5787693199054263,0.42271194499264747,0.5787606716130801,0.4505976939797633
428,0.5845749762521293,0.4284149614805332,0.5845403282750296,0.453689076526979
429,0.5901485611985362,0.4341779238593659,0.590053874677102,0.45674015167433346
430,0.5958691820826899,0.4401775961663559,0.5956167850758811,0.4599717128831
431,0.6016546483286763,0.4460992041351683,0.6012704265664599,0.46315202042877046
432,0.6067116565543942,0.45179593808495866,0.6062946744980772,0.46579613804512426
433,0.6112259646422112,0.4566739076335328,0.6106091510488535,0.46754540301466785
434,0.6163333932502852,0.4621083054919409,0.6155458328820198,0.47010880770815844
435,0.6211980114156226,0.46732417576051866,0.6201944966834614,0.4724093434535841
436,0.6261183137445793,0.47304539675879825,0.6248417887851639,0.4749757267576352
437,0.6312936279833563,0.4791227984740925,0.6298276671410397,0.4779270828831238
438,0.6361969625005219,0.48502663548676683,0.6346088998754256,0.4806504252527698
439,0.6405370320160136,0.48988858112428363,0.6388313524169812,0.48248338734566043
440,0.6442653811420084,0.4946268683108246,0.6424745613492786,0.48378533927081674
441,0.6468026917325697,0.49852625009611795,0.6448021167912354,0.4843780833809719
442,0.6498581159652046,0.5027753652889017,0.6476595050918718,0.4852414730279903
443,0.6539476164043646,0.5079916960221624,0.651571781711311,0.4872722823520115
444,0.6578588450779653,0.5132654811046647,0.655309700138041,0.48930125307553524
445,0.660907590326807,0.5179686285179451,0.6579773320735633,0.4903566364797681
446,0.6630549912084422,0.5219281639660124,0.6596866301446718,0.49053840320238123
447,0.6661735491054993,0.5266531619796546,0.662387056945195,0.49165068478963864
448,0.6693828929713342,0.5314664785648268,0.66508912106734,0.4928281361084652
449,0.6715561707934705,0.535511033618129,0.6667983504178537,0.4929014718302521
450,0.6733479883264728,0.5392985100954303,0.6681826669432691,0.49253741514629207
451,0.676005306484319,0.5437431025691086,0.670366548613976,0.4929529367567737
452,0.6783548001226619,0.5480068831545601,0.6722417147425783,0.4931106033258463
453,0.680458972305726,0.551938110740823,0.6738252609585524,0.493243156499923
454,0.6834232972657058,0.5565006979710104,0.67629804363558,0.49410328599389614
455,0.6862393466373281,0.5610403181128848,0.6785747415156643,0.4947689580742062
456,0.6885806389139353,0.5652069558874558,0.6803556333070074,0.4949545880381007
457,0.689971488947041,0.5686585004427713,0.6811208609126264,0.4943491375534347
458,0.6925203719171876,0.5728639234898173,0.6831076212092924,0.49487091538230255
459,0.695095588593103,0.5765693241980079,0.685186795126569,0.4953106921394011
460,0.6969414312002736,0.5800459995890628,0.6864097829189618,0.495299979342505
461,0.6976745830141861,0.5829267979557291,0.686441839804459,0.49467434387098747
462,0.6995214940670852,0.5864511855977727,0.6876596998459823,0.4947012668012423
463,0.7016787479560707,0.5903688236521187,0.6892203378541728,0.4947834324564498
464,0.7038035752812462,0.594236679756445,0.6907406873329772,0.49483918866813664
465,0.7055923527765382,0.5978859600568476,0.6919055433722738,0.4945899420771308
466,0.7066830126432269,0.6009975087586986,0.6922541614373677,0.4937670835910895
467,0.7078702906421029,0.6040321087904404,0.6926865694271135,0.49340255775137554
468,0.7097883690571897,0.6076768860997286,0.6939359989395198,0.49354843382864666
469,0.7113059231687932,0.6110949606793262,0.6947111149228481,0.4932549995540052
470,0.7122128129153078,0.6140575171421795,0.6947764911737896,0.49242619072992533
471,0.7141276435015217,0.6176467270069783,0.6959314021342489,0.4924579930656502
472,0.715953302446789,0.621292084320338,0.6969843609468209,0.4921642704773314
473,0.718382116532237,0.6254303344796279,0.6987324737918179,0.49209359453432167
474,0.7201828612142488,0.6290945191376309,0.699887700021548,0.4918216285830014
475,0.7215053285453046,0.6323299025126649,0.7004963989542213,0.4914819427761655
476,0.722544638755133,0.6354011109714107,0.7007009105138292,0.4908237008084042
477,0.7231625624323517,0.6381503526428423,0.7004153340528682,0.4896866267724072
478,0.7239045852300211,0.6410166103772824,0.7002593914177712,0.48869112070656195
479,0.724576788039042,0.6437774378466046,0.7000606768091965,0.4876568833465148
480,0.7248731310797735,0.6462809896996783,0.6993693959262252,0.4863962427586829
481,0.7249580629036422,0.648688018809348,0.6984989194545691,0.48511992216881616
482,0.7253113973736688,0.6512355646726673,0.6977951320383223,0.4838967105611186
483,0.7254353019866283,0.6534826917676398,0.6967873967126672,0.4826354852795405
484,0.7253680915167473,0.6556080939209875,0.6956310022386655,0.4812978709876968
485,0.7248861364034554,0.6574611997510137,0.6943731745149555,0.4800163589772247
486,0.7242624503176903,0.6590896185714444,0.6929439719719246,0.47858139340996847
487,0.7237278568149215,0.6608170320428722,0.691664822764408,0.4771390639758668
488,0.7237801849454688,0.6629281500425985,0.6906643528802244,0.4758744282633118
489,0.723842342325013,0.6649928008505376,0.6896759958769726,0.4746286356403685
490,0.7246319715571844,0.6673932575614587,0.6892494487428976,0.4736375845310314
491,0.7254144554945184,0.6697545791955561,0.6889332860433225,0.47273744170224113
492,0.7255156938603531,0.6715346632543973,0.6880759588503795,0.47185418181373995
493,0.7258615473250891,0.6735042825986268,0.6872889528051216,0.4708660295001644
494,0.7265361932579812,0.6755362615372528,0.6867424374004096,0.47018079490723497
495,0.7274101383286709,0.6776431330476657,0.686397393922286,0.46954026534248117
496,0.7284060979929085,0.67990455462656,0.6860871123128716,0.4687425517745534
497,0.7300005801740774,0.682648394834674,0.6865526480399867,0.4682933349823797
498,0.7324161790808914,0.6859410484597488,0.6881208084664467,0.4682253503762199
499,0.7344154534011544,0.6889496958044462,0.689164752945211,0.4678804796562712
500,0.7356386288891752,0.691164831840708,0.689147154843853,0.46706353805935197
501,0.7363625686281546,0.6930506344561348,0.6883960514580532,0.4659213935107956
502,0.7374799129473272,0.6952125106140047,0.6881815326990955,0.46512662330743015
503,0.7381056481385052,0.6968589140799797,0.6875711258417946,0.46446221918176955
504,0.7384392895690085,0.698370559394842,0.6866286173392753,0.46330367336280975
505,0.7391547202220323,0.7001477595273311,0.6860245410167332,0.4624503195633793
506,0.7393675253298337,0.7014624259342241,0.6852276087247967,0.4618131642740256
507,0.739585729409372,0.7026826971535507,0.6845336952938826,0.46145312991879484
508,0.7394925432730891,0.7036464688470795,0.683864736733976,0.4613856027882102
509,0.740221360966794,0.705227670617816,0.683484638029589,0.46115710958391765
510,0.741004869235059,0.7067014336076122,0.6833736526605407,0.4614417893225776
511,0.7421280605734508,0.7085302592928769,0.6832872769764463,0.4611574229170403
512,0.7427185007803833,0.7100003905488869,0.6827313888310975,0.46045715044070334
513,0.7428902237861397,0.7110747772124543,0.6820052934189491,0.4599661594952145
514,0.7427657427697223,0.7119027923361027,0.6812207158080716,0.45963279965849496
515,0.7430496149518444,0.7129972229134174,0.6803725400753923,0.4587988564437428
516,0.7430229967980355,0.7138922163426298,0.6795851699630422,0.45826343712304385
517,0.7433579886213678,0.7146543684318364,0.6787080603867803,0.4573226960518416
518,0.7437643897326589,0.7157133300606687,0.6779397956374617,0.4564900833074401
519,0.7434761848657484,0.7159408062606736,0.6769229212257466,0.4555630442959023
520,0.7433230444371461,0.716492776121594,0.675988166664406,0.45480820813651524
521,0.7431209572122088,0.7168395672404311,0.6750497212229136,0.454260928332193
522,0.742921441369061,0.7170960610208084,0.674335941374847,0.45383417129786086
523,0.7427935734783062,0.7173027924927985,0.673841145338078,0.45385933848853627
524,0.7427196546816649,0.7174884800069264,0.6735040336007465,0.45426533231661415
525,0.742729340568243,0.7176931556677079,0.6734649046816381,0.4552130246811017
526,0.7427210257020702,0.7179231367630512,0.6732961868295081,0.4558440879211516
527,0.7426791555872057,0.7181688682530445,0.6730402545331482,0.4564294761537917
528,0.7430920263328827,0.7190412486552974,0.6728061887116716,0.4565430899444481
529,0.7439250707507626,0.7199624421275215,0.6723608090274575,0.45578984849443
530,0.7441008343950987,0.7202018798292885,0.6717637872765421,0.45503374508642935
531,0.7439964984028374,0.7204330238593711,0.6709972237629708,0.45432168638086656
532,0.743808725725797,0.720433663107511,0.6704044414605721,0.45413771788940527
533,0.7437653428209863,0.7205669846905577,0.6701067838206047,0.45431843817860745
534,0.7439263816167748,0.7210810932153358,0.6698236784879058,0.4544180469751998
535,0.7440082650741734,0.7213079129349829,0.6697984620169499,0.4549661071557921
536,0.7439999581070287,0.7213219498884837,0.6696524292925978,0.45531866835151213
537,0.7436359182935488,0.7209688932309269,0.6692181961816003,0.4551684569769879
538,0.7435598413556865,0.7209518274485093,0.6688085759970166,0.4548025938511657
539,0.7437198570868588,0.72117587557723,0.6683152198260678,0.45408818522079814
540,0.7440210097101718,0.7216994453930402,0.6684867797266705,0.45467710296335756
541,0.7431597006510343,0.7210566776312679,0.6674637185520479,0.4538707844083165
542,0.7430823767514452,0.7210798336554766,0.666881356427968,0.4532080834600832
543,0.7429776618833599,0.7209005881932931,0.6664965957927507,0.45304265923973985
544,0.742970231545864,0.7209017972504208,0.6663281130202684,0.45324366434009705
545,0.7427584749296102,0.720717615256164,0.6657928692315329,0.45264322587525535
546,0.7426119916885018,0.7206191916223025,0.6652534695309459,0.45193576491812754
547,0.7427952352716369,0.7207535490089111,0.664857121833698,0.45132332318415874
548,0.7435667338639131,0.7214562066181565,0.6648463380564303,0.4510862310898079
549,0.7445083604635173,0.7221804251109851,0.6648859231785952,0.4507674247761638
550,0.7448752672969594,0.7225269520802883,0.6647558640574366,0.45058066573146294
551,0.7448867881174902,0.7224707963579581,0.6648858277715679,0.451225157922404
552,0.744238081284112,0.7218662086440881,0.6641027491773364,0.45032517635838426
553,0.7431416680039392,0.7207055727944581,0.6633536527063186,0.4497840915886692
554,0.7426013079753053,0.7199861937809122,0.6630604885114743,0.44969144181689674
555,0.7417380197204156,0.7189410053308818,0.6627878568235277,0.44966460649400347
556,0.7402055654332532,0.7173963158926695,0.6621087734849591,0.44964127749896826
557,0.7385793224177369,0.7156365100006348,0.6614483045395038,0.44977694048629135
558,0.7368942585668111,0.7139087922133468,0.6607757691375992,0.4498931685557323
559,0.7361223066410932,0.7131050393772576,0.6601309496130283,0.4491425947566412
560,0.7354446709031223,0.7123063264680116,0.6595995123044981,0.4485869657122681
561,0.735120327684795,0.7117148636199557,0.6593733299847716,0.4485018148563723
562,0.7345275577708316,0.7109540100190759,0.6589874108612843,0.4481244270858812
563,0.7339532248458465,0.7102730264869974,0.6584903979593475,0.4474538131829594
564,0.7339511928899407,0.7100625716812798,0.6582754511001699,0.4467368481205366
565,0.7334126615810638,0.7094045346425494,0.6577972792677945,0.44605169486441015
566,0.7323323911357601,0.7083020043375151,0.6571032777047532,0.4452608415671534
567,0.7316335072781615,0.7073429608737526,0.6566321944481128,0.4447562090401386
568,0.7310744216738378,0.7065729787567763,0.6562391100857848,0.44437059301895027
569,0.7305820188241842,0.7058811614399599,0.6558985097005763,0.4439286826772722
570,0.7300910866637468,0.7052321912011953,0.6555918806726716,0.4435045490204883
571,0.7292615052621365,0.7043295028756299,0.6551640856592479,0.4429137602158556
572,0.7281035211228954,0.7029520720719309,0.6546850600139359,0.4424573288610442
573,0.7269141110230681,0.7015882365003697,0.6541362577529205,0.44188170747083577
574,0.7258568200020308,0.7004147985510703,0.6536422232845459,0.4412917101176109
575,0.7244555586603145,0.6989817326497253,0.6529489872944516,0.4406868071230198
576,0.7230717481776389,0.6973947185506647,0.6523179141294823,0.4402004166034206
577,0.7216626027551706,0.6956387815740284,0.6517152541873197,0.4398393823301937
578,0.7200370326300286,0.6937234623589099,0.6510413709216215,0.4395321502660065
579,0.718858609967796,0.6923808649125718,0.6505276226830858,0.4390435955606037
580,0.718004430497493,0.6910907573864958,0.6502518892171494,0.4387550984462676
581,0.7167423237489998,0.6896159421013733,0.649788419448527,0.438274373577148
582,0.7155916696120704,0.6883042493032825,0.6494135032760378,0.4378127886790439
583,0.7142704801772037,0.6866031483898943,0.6490636724127552,0.43745188780361494
584,0.7129121919828885,0.6849518617106919,0.6486392487452493,0.43696779392568824
585,0.7114545704264736,0.6832417634877822,0.6481066621945242,0.43646286846075427
586,0.7097096685302288,0.6815169446821894,0.6473024564940367,0.43577975681461806
587,0.7089017081345134,0.6804613563768889,0.6470361313802834,0.43540011002499207
588,0.707323865079073,0.6785018432955442,0.646457401653194,0.4349948588325709
589,0.7063251272397305,0.6768424419150757,0.6462715152297681,0.4348180630830349
590,0.7055497783578347,0.675362026062359,0.6461817164756396,0.43484486501735364
591,0.7045722434203446,0.6739095295670359,0.6460052648183888,0.43468673667837154
592,0.7029572535421529,0.6718704021955879,0.6454497016334299,0.4344430350600976
593,0.7013790638847052,0.6698956131665194,0.6449713202499352,0.4341932191112051
594,0.7003452105386273,0.6681278471056832,0.6447902234398546,0.43419708966059223
595,0.6988736293170213,0.6660458238360606,0.6444837927149939,0.4341760813389634
596,0.6979908719031025,0.664350735035532,0.6445071760681242,0.4343545106735995
597,0.6970757641647168,0.6625710085923849,0.6445159931728534,0.4345266724546461
598,0.6957403621677921,0.6605096361096706,0.6443855065374362,0.434641473708579
599,0.6947090195501058,0.658594932794471,0.6444324404392704,0.4348102471210262
600,0.6936279590310822,0.6565771414356752,0.6444981304076889,0.43499611606542593
601,0.6928228061914167,0.6547395537458576,0.6446855112392105,0.43535506269256025
602,0.6924746396053081,0.6530895901652037,0.6451126919927719,0.4359221756330554
603,0.6922126657545308,0.6514619151578499,0.6456143000853705,0.43663505825834564
604,0.692019889429597,0.6499107102753198,0.6461560480194025,0.4374454543520746
605,0.6913604264011523,0.6481260721198823,0.6461821412662253,0.4376304910735523
606,0.6907672655482724,0.646348948922965,0.6462997413912759,0.4379170574389407
607,0.6901220003350103,0.6447732011766684,0.6463549117619644,0.4381144346955377
608,0.6893705588252959,0.6432005533655346,0.6463121034504062,0.43818034213470924
609,0.6887515665432511,0.64138855666618,0.6463911075375117,0.4385019305944286
610,0.6881023696268725,0.639529651669235,0.6464552613983668,0.4388560188087591
611,0.6873828031569517,0.6377034322168831,0.6464484743073551,0.43917334028561145
612,0.6867371392192548,0.6360702213020315,0.6465143737798396,0.4394952388859712
613,0.685745306930141,0.6344127353014133,0.6464345672831333,0.43948312013969343
614,0.6849109366494678,0.6324526253113815,0.6465207613707825,0.43980448249798804
615,0.6842462422155062,0.6304135865955418,0.6467478817535074,0.4403275393334626
616,0.6836158473920679,0.6284056784164861,0.6470402618283562,0.44095482071113035
617,0.6828181827551402,0.6262472571782657,0.6473054671129822,0.44157065558350156
618,0.6819963782082744,0.6241148141855957,0.6475207451210072,0.4421285367545784
619,0.6809179260503299,0.6222352639330596,0.6475456402204394,0.4423990255377898
620,0.6803306569036323,0.6202850805804704,0.647873948395179,0.4430390759845659
621,0.6798066192433675,0.6182089053486317,0.6482446942976667,0.44376349892389005
622,0.6792525966247432,0.6160752353896566,0.648633726930288,0.44445299770591723
623,0.6788420444109864,0.6141235194378588,0.6490913876345616,0.44526801786507403
624,0.6784485437097049,0.6120579299117516,0.649570051669833,0.44610010564955294
625,0.6778245592372153,0.6097719328464645,0.6499453555067066,0.44683188580061783
626,0.6770668602266215,0.6073928409528863,0.6502731366267528,0.4475249054045657
627,0.676207304722524,0.6049467579749973,0.6505064637993223,0.44827371960991375
628,0.6748093598146443,0.6021395178041397,0.6502190541641376,0.44880210026773676
629,0.6737340519588976,0.5995131306846146,0.6502375188360195,0.4494416795503431
630,0.6728487953291471,0.5969271334524526,0.6503416017087221,0.4501852343019333
631,0.6713603130835643,0.5939092800032835,0.6498197234689305,0.45078306666321305
632,0.6696194851309987,0.5907573308678347,0.6490116277428217,0.4512059302094902
633,0.6680042481696354,0.5876551979567625,0.6483994084478901,0.45178208240786344
634,0.6667283109676859,0.58474146905968,0.648088333899436,0.45244675881119195
635,0.6652861196086229,0.5817396396637594,0.6476232275258754,0.4531157990055301
636,0.6636959307123488,0.5785909295771462,0.6469578888949926,0.45370118858040576
637,0.6624498439328195,0.5757144430952456,0.6466140590383889,0.4544447378618811
638,0.6612797078894601,0.572827085102601,0.6463423244672541,0.45517655554100894
639,0.6598574199714601,0.5696772314424366,0.645701748450228,0.4557906546680919
640,0.6585882346734024,0.566527598643444,0.6451311164790734,0.45644700950767475
641,0.6579765508740113,0.5638017165374526,0.6452679637749797,0.4573495421252512
642,0.6570853100006551,0.5609004832110729,0.6450789614348463,0.4582029948595104
643,0.6561147247230432,0.5579552206341841,0.6447940420824713,0.45905599053916596
644,0.6549425638122384,0.5548783758122896,0.6443000703334071,0.4598331786986111
645,0.6539335742282132,0.5519565204976952,0.6440530617632952,0.4607602468609669
646,0.6525496522664003,0.5486593786716283,0.6433709172895571,0.4614807632875077
647,0.6510142543509235,0.5453303675135154,0.6426089703706377,0.462064386832087
648,0.6494630972260286,0.5419310991005833,0.6417601773162388,0.46250757358458
649,0.6476535953983416,0.5384439895308202,0.6406048432305639,0.46257833394816594
650,0.6461762325595372,0.5351527374923852,0.6397345722109131,0.4628321364206598
651,0.6451026451974823,0.5320722354379576,0.6393472658058564,0.4635729292875153
652,0.6429049585345613,0.5284904282250408,0.6376745509439732,0.46330616515163026
653,0.6404484655930537,0.5247232732183115,0.6356973100041258,0.46283708360173664
654,0.6379992979462156,0.5212730193936483,0.6337649999297353,0.46243538664114087
655,0.6359010426347392,0.5176809698563394,0.6321784615274417,0.4622467088222921
656,0.6331521916596986,0.5137602189981063,0.6298217123215333,0.46147250932046013
657,0.6309703518050812,0.5102755595353243,0.6280956623330533,0.46125873833790854
658,0.6287902881579663,0.506600413149194,0.626314345502969,0.4610425718835862
659,0.6262482876002277,0.5025379253535976,0.6241596536767378,0.4603468295535712
660,0.6230436993302857,0.4979695896399737,0.6212693513632168,0.45925306522722864
661,0.6194232637566537,0.49316733132622875,0.6179314440537138,0.4577339919823045
662,0.6162484955037221,0.488655445260964,0.6150403659480496,0.45665009924246164
663,0.6136686105215623,0.4845433143098045,0.61271925567607,0.45613478624985937
664,0.6107563385319668,0.48027608133569777,0.6100256907802731,0.4553031760942748
665,0.607453093934432,0.475700093419598,0.606928566558443,0.4542398175022626
666,0.6028050858738357,0.47006141370625754,0.6024751734206675,0.45177246042163904
667,0.5984602917102455,0.46476281971052824,0.5983088239563656,0.44957731703733894
668,0.5940706590881496,0.45952515915740405,0.5939921362959125,0.44741768404078236
669,0.5895847829167001,0.4542880225432462,0.5894896393669699,0.4453025587504564
670,0.5850538022840714,0.449124655913964,0.5849891319502093,0.4433217979745878
671,0.5807634477037736,0.4440739021310538,0.5807530294313259,0.44161806831411643
672,0.5768803038327661,0.4391509199460321,0.5768729463704254,0.44022025162642175
673,0.5730040431500101,0.4341658801658474,0.572887955191624,0.43876632209265615
674,0.5682745459103241,0.4287576064090158,0.5681147981592191,0.43669211898024307
675,0.5638607115302491,0.4235103699531295,0.5636543080557129,0.4349802819273244
676,0.55935041175399,0.41814782668318495,0.5590518221882901,0.4329448982251005
677,0.5548157970102067,0.4127055459221074,0.5544037983124102,0.4309441330789545
678,0.5504012364675017,0.4073184594502566,0.5498030016099037,0.42899302538098116
679,0.5455700803498634,0.4019448763148392,0.5448235738427104,0.4269864041011319
680,0.5400495854000825,0.39645325410146376,0.5389821324659753,0.4242851254610535
681,0.5345548761532349,0.39093607283146764,0.5331732611706442,0.4216271861601722
682,0.5289870529173396,0.3856032458224066,0.5272465898148172,0.4189994665170822
683,0.5234056416441203,0.3803419924207657,0.5213802632412737,0.4163925712104701
684,0.517904371547139,0.37505249870864427,0.5154795020527788,0.413888542638475
685,0.5120393663262442,0.36968534046244,0.5092374947049694,0.41111443650093044
686,0.5051562527000505,0.36379824526139476,0.5018517507325932,0.4073873890938375
687,0.4976656049544264,0.35758106613493684,0.493872004794289,0.4030973170483488
688,0.4901253587789318,0.3514007591193115,0.4858614361559449,0.39881670865896496
689,0.48309253911550737,0.34471695961746796,0.4783021467135414,0.3947183393620475
690,0.47566719714907385,0.3383742642872614,0.47046560889746164,0.39054535191284107
691,0.4685007300476951,0.33175318788557345,0.4629621440656344,0.386466154197891
692,0.46031767310335825,0.32512331417361096,0.45440872693851975,0.3816393496174436
693,0.45267580552163206,0.3189461040921724,0.44662111045552155,0.3772579676444869
694,0.44527259765248756,0.31299930906675055,0.4391476311771075,0.37313012032479065
695,0.43837280910953885,0.3067384733703055,0.43196526920664774,0.3693036695670422
696,0.4306947961627199,0.3003377423814842,0.4240647940721976,0.3648464485083851
697,0.42328593771971773,0.2938467480485945,0.41628143279823815,0.3604967701595306
698,0.41588664098825917,0.2871233198179228,0.4084615013215491,0.3559928143839881
699,0.4088556490400579,0.28067721096753995,0.4008997408640305,0.35192709475957407
700,0.4018548863455672,0.27404236831960427,0.39315313377871314,0.3477550935454887
701,0.39467514764346084,0.26709238102815747,0.3851630429785689,0.34327433333858437
702,0.3883602299376004,0.2601871321636377,0.3780650050020466,0.33923389598862813
703,0.381033102988952,0.25307077703153363,0.3697263429282563,0.3344911734313912
704,0.37251688397799443,0.24615084633506304,0.36047006729689823,0.3290682878086691
705,0.3640513765311619,0.23900943263240557,0.35094245186409884,0.32362090645954306
706,0.35565716665401326,0.23201645624595837,0.3414712251099579,0.31801822628032744
707,0.3474393351023551,0.22520932267619598,0.3322528361430168,0.3126746488936784
708,0.3392570889837138,0.21858222639900965,0.3228945975616119,0.3070847174330819
709,0.3323371178524514,0.21159646301215382,0.3145621651433169,0.30247456466526074
710,0.3242768002177762,0.204547860474587,0.3049811125592622,0.29697980344953545
711,0.313839883311587,0.1964624826577683,0.29335938024094127,0.2895215033481108
712,0.3030578895252903,0.18850872813907069,0.28157789371777586,0.28156382643505323
713,0.29289108872256364,0.1809367283245795,0.27024757228256513,0.2738768277069529
714,0.28259671583050616,0.17356420250634738,0.25884163654340125,0.2661628179327939
715,0.27242303912119853,0.16616715058260484,0.24766078282427276,0.258537158014508
716,0.26153554385230865,0.15895483592490775,0.2363406856197004,0.2491627767647207
717,0.2506705833255403,0.15192929251276072,0.22513267401339612,0.2396321021696865
718,0.23986026246537928,0.14493981042503729,0.2141382912132977,0.23051297391347192
719,0.2288742196494783,0.13794616269495957,0.2032778248234783,0.2212091941845187
720,0.21855870432102317,0.13147200501768305,0.19286079579688528,0.2124341962619222
721,0.20820540317149364,0.12536067414435262,0.1829873212809936,0.20366223223875035
722,0.1979866015950837,0.11964044498327199,0.17332136711268467,0.19496581914168676
723,0.18849844237278587,0.11369440236475954,0.16426775678932412,0.18653547721404043
724,0.1794847532194351,0.10851490559686652,0.15591978696658115,0.17861026657342471
725,0.16990558985269358,0.10376117348082001,0.14737329971634067,0.16965500415237803
726,0.16034227465041498,0.09889584882948126,0.13898088997055558,0.16020128585738744
727,0.15230818122412335,0.09504654076943593,0.13193875336964878,0.15193460367064837
728,0.14313193296845006,0.09100840757711508,0.1244793149030251,0.14238919266750355
729,0.13399596913425718,0.0875736383825638,0.11789711696818882,0.13335439962593384
